Model,Accuracy,Macro_F1,Weighted_F1
Fusion,0.9814285714285714,0.9813305372673666,0.9813305372673665
