Model,Accuracy,Macro_F1,Weighted_F1
Speech,0.8871428571428571,0.879695132986636,0.8796951329866362
