Model,Accuracy,Macro_F1,Weighted_F1
Text,0.14285714285714285,0.03571428571428571,0.03571428571428571
